{"cameraMode":{"drawMode":0,"name":"Shaded","section":"Shading Mode"},"sceneLighting":false,"audioPlay":false,"sceneViewState":{"showFog":true,"showMaterialUpdate":false,"showSkybox":false,"showFlares":true,"showImageEffects":true,"showParticleSystems":true},"in2DMode":false,"pivot":{"x":0.3312559127807617,"y":39.7226448059082,"z":-164.00880432128907},"rotation":{"x":0.43623456358909609,"y":0.4098425805568695,"z":-0.2333470731973648,"w":0.7663792371749878},"size":32.00955581665039,"orthographic":false}