{"cameraMode":{"drawMode":0,"name":"Shaded","section":"Shading Mode"},"sceneLighting":false,"audioPlay":false,"sceneViewState":{"showFog":true,"showMaterialUpdate":false,"showSkybox":false,"showFlares":true,"showImageEffects":true,"showParticleSystems":true},"in2DMode":false,"pivot":{"x":537.419189453125,"y":3.3428118228912355,"z":472.10809326171877},"rotation":{"x":-0.10351043194532395,"y":0.5888451337814331,"z":-0.07638312876224518,"w":-0.7979517579078674},"size":3.5609683990478517,"orthographic":false}