{"cameraMode":{"drawMode":0,"name":"Shaded","section":"Shading Mode"},"sceneLighting":true,"audioPlay":false,"sceneViewState":{"showFog":true,"showMaterialUpdate":false,"showSkybox":true,"showFlares":true,"showImageEffects":true,"showParticleSystems":true},"in2DMode":false,"pivot":{"x":10.289342880249024,"y":51.24502944946289,"z":-194.48965454101563},"rotation":{"x":-0.08713871985673905,"y":-0.03761812672019005,"z":0.0033066619653254749,"w":-0.9955125451087952},"size":57.351707458496097,"orthographic":false}