{"cameraMode":{"drawMode":0,"name":"Shaded","section":"Shading Mode"},"sceneLighting":false,"audioPlay":false,"sceneViewState":{"showFog":true,"showMaterialUpdate":false,"showSkybox":true,"showFlares":true,"showImageEffects":true,"showParticleSystems":true},"in2DMode":false,"pivot":{"x":292.23907470703127,"y":-261.33477783203127,"z":610.8294677734375},"rotation":{"x":0.29787561297416689,"y":-0.5784298181533814,"z":0.2389441579580307,"w":0.7208569049835205},"size":630.667236328125,"orthographic":false}